"","site","sample_id","orig_sample_id","event_year","position","type","notes"
"1",22,"W02202","W02202",1839,"U","RWS",NA
"2",22,"W02210","W02210",1807,"U","FS",NA
"3",22,"W02211","W02211",1795,"U","I",NA
"4",22,"W02211","W02211",1807,"U","FS",NA
"5",22,"W02216","W02216",1807,"U","I",NA
"6",23,"W02301","W02301",1615,"D","FS",NA
"7",23,"W02301","W02301",1621,"D","I",NA
"8",23,"W02301","W02301",1626,"D","FS",NA
"9",23,"W02301","W02301",1671,"U","RWS",NA
"10",23,"W02301","W02301",1746,"U","RWS",NA
"11",23,"W02302","W02302",1594,"D","I",NA
"12",23,"W02302","W02302",1615,"U","FS",NA
"13",23,"W02302","W02302",1626,"D","FS",NA
"14",23,"W02302","W02302",1671,"U","RWS",NA
"15",23,"W02302","W02302",1746,"U","RWS",NA
"16",23,"W02302","W02302",1817,"D","I",NA
"17",23,"W02303","W02303",1615,"U","FS",NA
"18",23,"W02303","W02303",1664,"U","RWS",NA
"19",23,"W02303","W02303",1746,"U","RWS",NA
"20",23,"W02303","W02303",1812,"D","FS",NA
"21",23,"W02304","W02304",1671,"U","RWS",NA
"22",23,"W02304","W02304",1812,"U","FS",NA
"23",23,"W02304","W02304",1846,"U","FS",NA
"24",23,"W02305","W02305",1671,"U","RWS",NA
"25",23,"W02305","W02305",1746,"U","RWS",NA
"26",23,"W02305","W02305",1812,"D","FS",NA
"27",23,"W02306","W02306",1614,"D","I",NA
"28",23,"W02306","W02306",1615,"D","FS",NA
"29",23,"W02306","W02306",1746,"U","RWS",NA
"30",23,"W02306","W02306",1812,"D","FS",NA
"31",23,"W02307","W02307",1670,"U","RWS",NA
"32",23,"W02307","W02307",1738,"U","I",NA
"33",23,"W02307","W02307",1746,"U","RWS",NA
"34",23,"W02308","W02308",1671,"U","RWS",NA
"35",23,"W02308","W02308",1746,"U","RWS",NA
"36",23,"W02308","W02308",1812,"U","FS",NA
"37",23,"W02309","W02309",1663,"D","FS",NA
"38",23,"W02309","W02309",1671,"U","RWS",NA
"39",23,"W02309","W02309",1738,"D","I",NA
"40",23,"W02309","W02309",1746,"U","RWS",NA
"41",23,"W02309","W02309",1812,"D","FS",NA
"42",23,"W02310","W02310",1615,"U","I",NA
"43",23,"W02310","W02310",1746,"U","RWS",NA
"44",23,"W02310","W02310",1799,"U","I",NA
"45",23,"W02311","W02311",1812,"D","FS",NA
"46",23,"W02311","W02311",1815,"U","RWS",NA
"47",23,"W02311","W02311",1869,"D","I",NA
"48",23,"W02312","W02312",1615,"D","FS",NA
"49",23,"W02312","W02312",1671,"U","RWS",NA
"50",23,"W02312","W02312",1717,"U","RWS",NA
"51",23,"W02312","W02312",1812,"U","FS",NA
"52",23,"W02313","W02313",1663,"U","FS",NA
"53",23,"W02313","W02313",1746,"U","RWS",NA
"54",23,"W02313","W02313",1812,"D","FS",NA
"55",23,"W02314","W02314",1615,"D","FS",NA
"56",23,"W02315","W02315",1812,"U","FS",NA
"57",23,"W02316","W02316",1746,"U","RWS",NA
"58",23,"W02316","W02316",1812,"D","FS",NA
"59",23,"W02316","W02316",1881,"U","I",NA
"60",24,"W02401","W02401",1611,"D","I",NA
"61",24,"W02401","W02401",1887,"U","RWS",NA
"62",24,"W02401","W02401",1910,"U","I",NA
"63",24,"W02411","W02411",1822,"D","I",NA
"64",24,"W02414","W02414",1659,"U","RWS",NA
"65",24,"W02415","W02415",1712,"U","FS","clear fire scar on A and B samples.  There's an undateable fire scar in the 1600s preceeding the 1712 FS"
"66",24,"W02416","W02416",1648,"U","FS","clear fire scar visible in site field photo.  Very rotten in the lab"
"67",24,"W02416","W02416",1712,"U","FS","clear fire scar visible in site field photo.  Very rotten in the lab"
"68",24,"W02419","W02419",1920,"D","I","not a fire"
"69",24,"W02419","W02419",2010,"U","I","not a fire"
"70",24,"W02422","W02422",1649,"U","RWR","consistent with a fire in 1648"
"71",24,"W02422","W02422",1658,"D","FS","Would like to confirm with additonal sampling"
"72",25,"W02501","W02501",1844,"U","FS",NA
"73",25,"W02502","W02502",1831,"U","FS",NA
"74",25,"W02502","W02502",1844,"D","FS",NA
"75",25,"W02503","W02503",1690,"U","FS","SEE PLOT PHOTOS OF 1690 FS"
"76",25,"W02503","W02503",1844,"U","FS",NA
"77",25,"W02504","W02504",1870,"D","FS",NA
"78",25,"W02505","W02505",1831,"LE","FS",NA
"79",25,"W02505","W02505",1844,"D","FS",NA
"80",25,"W02505","W02505",1870,"U","FS",NA
"81",25,"W02507","W02507",1844,"D","FS",NA
"82",25,"W02507","W02507",1870,"L","FS",NA
"83",25,"W02508","W02508",1831,"U","FS","CLEAN SPLIT ALONG CELL BOUNDARY WITH RESIN AND RELEASE NO CURL OVER"
"84",25,"W02509","W02509",1690,"M","FS","ON PIECE B.  M POSITION IS RARE"
"85",25,"W02509","W02509",1844,"D","FS",NA
"86",25,"W02511","W02511",1768,"D","I",NA
"87",25,"W02511","W02511",1831,"D","FS",NA
"88",25,"W02511","W02511",1844,"D","FS",NA
"89",25,"W02512","W02512",1831,"L","FS",NA
"90",25,"W02512","W02512",1844,"D","FS",NA
"91",25,"W02513","W02513",1831,"LE","FS",NA
"92",25,"W02513","W02513",1844,"D","FS",NA
"93",25,"W02513","W02513",1870,"U","FS",NA
"94",25,"W02513","W02513",1872,"U","RWR","RELEASE LIKELY ASSOCIATED WITH THE 1870 FIRE"
"95",25,"W02514","W02514",1831,"U","RWS","SUPPRESSED RINGS AND INJURY ASSOCIATED WITH THE 1831 FIRE"
"96",25,"W02514","W02514",1844,"U","FS",NA
"97",25,"W02515","W02515",1801,"U","I",NA
"98",25,"W02515","W02515",1832,"U","RWS",NA
"99",25,"W02515","W02515",1844,"D","FS",NA
"100",25,"W02517","W02517",1801,"L","I","COULD BE A FIRE SCAR"
"101",26,"W02601","W02601",1740,"D","FS",NA
"102",26,"W02602","W02602",1740,"D","FS",NA
"103",26,"W02603","W02603",1744,"U","RWS",NA
"104",26,"W02605","W02605",1672,"U","RWS",NA
"105",26,"W02605","W02605",1701,"U","RWS",NA
"106",26,"W02605","W02605",1757,"U","I",NA
"107",26,"W02606","W02606",1560,"D","I",NA
"108",26,"W02607","W02607",1741,"U","RWS",NA
"109",26,"W02607","W02607",1752,"U","I",NA
"110",26,"W02607","W02607",1820,"U","I",NA
"111",26,"W02607","W02607",1831,"U","I",NA
"112",26,"W02607","W02607",1862,"U","I",NA
"113",26,"W02607","W02607",1904,"U","I",NA
"114",26,"W02608","W02608",1570,"U","RWS",NA
"115",26,"W02608","W02608",1659,"U","RWS",NA
"116",26,"W02608","W02608",1783,"D","FS",NA
"117",26,"W02608","W02608",1822,"D","I",NA
"118",26,"W02608","W02608",1880,"U","I",NA
"119",26,"W02609","W02609",1572,"D","I",NA
"120",26,"W02609","W02609",1783,"D","FS",NA
"121",26,"W02609","W02609",1812,"D","FS",NA
"122",26,"W02610","W02610",1560,"U","I",NA
"123",26,"W02610","W02610",1740,"U","I",NA
"124",26,"W02610","W02610",1742,"U","RWS",NA
"125",26,"W02612","W02612",1560,"D","I",NA
"126",26,"W02612","W02612",1740,"D","I",NA
"127",26,"W02612","W02612",1741,"U","I",NA
"128",26,"W02612","W02612",1742,"U","RWS",NA
"129",26,"W02613","W02613",1741,"U","I",NA
"130",26,"W02613","W02613",1781,"U","RWS",NA
"131",26,"W02613","W02613",1809,"U","I",NA
"132",26,"W02614","W02614",1832,"U","I",NA
"133",26,"W02615","W02615",1560,"D","I",NA
"134",26,"W02616","W02616",1510,"U","I",NA
"135",28,"W02801","W02801",1875,"U","I",NA
"136",28,"W02801","W02801",1910,"D","FS",NA
"137",28,"W02801","W02801",1916,"U","I",NA
"138",28,"W02802","W02802",1846,"D","FS",NA
"139",28,"W02802","W02802",1910,"D","FS",NA
"140",28,"W02803","W02803",1768,"U","FS",NA
"141",28,"W02803","W02803",1783,"U","FS",NA
"142",28,"W02804","W02804",1769,"U","RWS",NA
"143",28,"W02804","W02804",1783,"D","FS",NA
"144",28,"W02804","W02804",1910,"D","FS",NA
"145",28,"W02807","W02807",1783,"U","FS",NA
"146",28,"W02807","W02807",1817,"U","I",NA
"147",28,"W02808","W02808",1769,"U","RWS",NA
"148",28,"W02808","W02808",1783,"U","FS",NA
"149",28,"W02808","W02808",1875,"D","FS",NA
"150",28,"W02808","W02808",1910,"D","FS",NA
"151",28,"W02810","W02810",1846,"D","FS",NA
"152",28,"W02811","W02811",1846,"U","FS",NA
"153",28,"W02811","W02811",1875,"D","FS",NA
"154",28,"W02811","W02811",1910,"D","FS",NA
"155",28,"W02812","W02812",1768,"D","FS",NA
"156",28,"W02812","W02812",1783,"D","FS",NA
"157",28,"W02812","W02812",1875,"D","FS",NA
"158",28,"W02814","W02814",1763,"D","FS",NA
"159",28,"W02814","W02814",1768,"D","FS",NA
"160",28,"W02814","W02814",1835,"D","FS",NA
"161",28,"W02815","W02815",1568,"U","FS",NA
"162",28,"W02815","W02815",1700,"U","I",NA
"163",28,"W02815","W02815",1736,"D","FS",NA
"164",28,"W02815","W02815",1768,"D","FS",NA
"165",28,"W02815","W02815",1783,"D","FS",NA
"166",28,"W02815","W02815",1817,"D","FS",NA
"167",28,"W02815","W02815",1875,"U","FS",NA
"168",28,"W02815","W02815",1919,"U","I",NA
"169",28,"W02815","W02815",1939,"D","I",NA
"170",28,"W02815","W02815",1950,"D","I",NA
"171",52,"W05201","W05201",1438,"U","I",NA
"172",52,"W05201","W05201",1440,"U","I",NA
"173",52,"W05201","W05201",1444,"D","I",NA
"174",52,"W05203","W05203",1522,"U","I",NA
"175",52,"W05205","W05205",1444,"U","I",NA
"176",52,"W05205","W05205",1690,"U","FS",NA
"177",52,"W05206","W05206",1438,"D","FS",NA
"178",52,"W05206","W05206",1440,"U","I",NA
"179",52,"W05206","W05206",1444,"U","I",NA
"180",52,"W05208","W05208",1444,"U","I",NA
"181",52,"W05208","W05208",1451,"U","FS",NA
"182",52,"W05213","W05213",1444,"U","I",NA
"183",52,"W05214","W05214",1522,"D","FS",NA
"184",52,"W05216","W05216",1884,"U","I","CHECK FOR FIRE SCAR"
"185",52,"W05217","W05217",1682,"U","RWS",NA
"186",52,"W05217","W05217",1690,"U","FS","ON PIECE B"
"187",52,"W05217","W05217",1698,"U","FS","ON PIECE B"
"188",52,"W05217","W05217",1740,"D","FS","ON PIECE B"
"189",52,"W05217","W05217",1797,"U","RWS","ON PIECE B"
"190",52,"W05217","W05217",1827,"U","FS",NA
"191",52,"W05217","W05217",1896,"U","FS","ON PIECE C"
"192",52,"W05217","W05217",1905,"U","RWS",NA
"193",53,"W05301","W05301",1686,"U","RWS",NA
"194",53,"W05301","W05301",1694,"U","RWS",NA
"195",53,"W05301","W05301",1784,"U","RWS",NA
"196",53,"W05302","W05302",1693,"U","FS",NA
"197",53,"W05304","W05304",1652,"U","FS",NA
"198",53,"W05304","W05304",1685,"M","FS",NA
"199",53,"W05304","W05304",1784,"U","RWS","Resin ring"
"200",53,"W05306","W05306",1320,"D","FS","moved from 1321 to 1320 after -1 shift in dating "
"201",53,"W05306","W05306",1329,"D","FS","moved from 1321 to 1320 after -1 shift in dating "
"202",53,"W05306","W05306",1393,"U","RWS",NA
"203",53,"W05306","W05306",1412,"D","FS",NA
"204",53,"W05306","W05306",1670,"D","FS",NA
"205",53,"W05307","W05307",1693,"U","FS",NA
"206",53,"W05308","W05308",1341,"D","FS",NA
"207",53,"W05308","W05308",1412,"D","FS",NA
"208",53,"W05308","W05308",1652,"D","FS",NA
"209",53,"W05308","W05308",1782,"D","FS",NA
"210",53,"W05309","W05309",1412,"D","FS",NA
"211",53,"W05311","W05311",1393,"U","I",NA
"212",53,"W05311","W05311",1416,"U","I",NA
"213",53,"W05311","W05311",1670,"D","FS",NA
"214",53,"W05311","W05311",1685,"L","FS",NA
"215",53,"W05313","W05313",1412,"D","FS",NA
"216",53,"W05313","W05313",1670,"U","RWS",NA
"217",53,"W05313","W05313",1693,"D","FS",NA
"218",53,"W05317","W05317",1535,"U","FS","fire reconstructed from sampling in 2024"
"219",53,"W05317","W05317",1670,"D","FS",NA
"220",53,"W05317","W05317",1685,"M","FS",NA
"221",53,"W05317","W05317",1693,"D","FS",NA
"222",53,"W05318","W05318",1670,"D","FS",NA
"223",53,"W05319","W0531028",1670,"U","FS",NA
"224",54,"W05401","W05401",1756,"U","RWS",NA
"225",54,"W05401","W05401",1799,"U","I",NA
"226",54,"W05402","W05402",1595,"U","RWS","Maybe delete"
"227",54,"W05402","W05402",1652,"D","FS",NA
"228",54,"W05403","W05403",1529,"U","RWS","Likely another fire in 1528"
"229",54,"W05403","W05403",1533,"U","RWS","Follows the 1533 fire"
"230",54,"W05404","W05404",1620,"D","FS",NA
"231",54,"W05405","W05405",1797,"U","RWS",NA
"232",54,"W05406","W05406",1586,"D","I",NA
"233",54,"W05406","W05406",1646,"D","FS",NA
"234",54,"W05407","W05407",1800,"U","RWS",NA
"235",54,"W05408","W05408",1552,"D","I",NA
"236",54,"W05408","W05408",1799,"U","RWS",NA
"237",54,"W05409","W05409",1708,"U","RWS",NA
"238",54,"W05409","W05409",1741,"U","RWS",NA
"239",54,"W05410","W05410",1809,"U","I",NA
"240",54,"W05412","W05412",1499,"D","FS",NA
"241",54,"W05412","W05412",1519,"D","FS",NA
"242",54,"W05412","W05412",1687,"U","RWS",NA
"243",54,"W05413","W05413",1640,"U","I",NA
"244",54,"W05414","W05414",1517,"U","RWS",NA
"245",54,"W05414","W05414",1533,"D","FS",NA
"246",54,"W05414","W05414",1649,"U","RWS",NA
"247",54,"W05415","W05415",1686,"U","RWS",NA
"248",54,"W05415","W05415",1784,"U","FS",NA
"249",54,"W05417","W05417",1708,"U","RWS",NA
"250",54,"W05417","W05417",1800,"U","RWS",NA
"251",54,"W05418","W05418",1552,"E","I",NA
"252",55,"W05505","W05505",1743,"U","I",NA
"253",55,"W05506","W05506",1695,"D","FS",NA
"254",55,"W05506","W05506",1700,"U","I",NA
"255",55,"W05506","W05506",1735,"U","RWS",NA
"256",55,"W05507","W05507",1695,"U","FS",NA
"257",55,"W05507","W05507",1746,"U","I",NA
"258",55,"W05507","W05507",1758,"U","I",NA
"259",55,"W05509","W05509",1796,"U","FS",NA
"260",55,"W05510","W05510",1820,"U","I",NA
"261",55,"W05510","W05510",1874,"U","FS",NA
"262",55,"W05511","W05511",1696,"U","RWS",NA
"263",55,"W05511","W05511",1796,"U","FS",NA
"264",55,"W05512","W05512",1863,"U","I",NA
"265",55,"W05512","W05512",1894,"U","I",NA
"266",55,"W05513","W05513",1752,"D","FS",NA
"267",55,"W05515","W05515",1819,"U","I",NA
"268",55,"W05516","W05516",1821,"D","I",NA
"269",55,"W05516","W05516",1938,"U","I",NA
"270",56,"W05601","W05601",1546,"U","FS","Check injury before 1554"
"271",56,"W05602","W05602",1725,"D","FS","May be an injury"
"272",56,"W05603","W05603",1546,"U","FS",NA
"273",56,"W05605","W05605",1652,"U","I",NA
"274",56,"W05605","W05605",1702,"L","I",NA
"275",56,"W05605","W05605",1730,"U","RWS",NA
"276",56,"W05605","W05605",1739,"D","I",NA
"277",56,"W05606","W05606",1708,"U","RWS",NA
"278",56,"W05606","W05606",1797,"U","RWS",NA
"279",56,"W05606","W05606",1882,"U","RWS","Has resin and looks like a fire caused event, can't identify the year, there is a curl, but the injury jumps rings"
"280",56,"W05607","W05607",1546,"D","FS",NA
"281",56,"W05608","W05608",1546,"U","FS",NA
"282",56,"W05608","W05608",1552,"U","RWS",NA
"283",56,"W05609","W05609",1606,"U","RWS",NA
"284",56,"W05609","W05609",1648,"U","FS",NA
"285",56,"W05612","W05612",1546,"D","FS",NA
"286",56,"W05614","W05614",1547,"U","RWS","Definitely a supression with resin caused by the 1546 fire"
"287",56,"W05615","W05615",1612,"D","I",NA
"288",56,"W05616","W05616",1739,"U","I","Could be 1739"
"289",56,"W05616","W05616",1752,"U","I","fs?"
"290",56,"W05616","W05616",1797,"U","RWS",NA
"291",56,"W05616","W05616",1885,"U","RWS",NA
"292",56,"W05616","W05616",1916,"U","RWS",NA
"293",56,"W05617","W05617",1522,"U","RWS","Consistent with a fs"
"294",56,"W05617","W05617",1549,"U","I",NA
"295",56,"W05617","W05617",1562,"D","I",NA
"296",57,"W05701","W05701",1690,"U","I",NA
"297",57,"W05701","W05701",1820,"U","I","COULD BE A FIRE SCAR, BUT THERE'S NO RESIN"
"298",57,"W05702","W05702",1689,"U","I",NA
"299",57,"W05702","W05702",1700,"D","FS",NA
"300",57,"W05703","W05703",1704,"D","I",NA
"301",57,"W05703","W05703",1748,"U","RWS",NA
"302",57,"W05704","W05704",1676,"U","I",NA
"303",57,"W05704","W05704",1689,"U","I",NA
"304",57,"W05704","W05704",1809,"U","I",NA
"305",57,"W05704","W05704",1880,"U","I",NA
"306",57,"W05705","W05705",1752,"U","I",NA
"307",57,"W05706","W05706",1752,"U","I",NA
"308",57,"W05706","W05706",1881,"U","RWS",NA
"309",57,"W05707","W05707",1690,"D","FS",NA
"310",57,"W05707","W05707",1809,"U","I",NA
"311",57,"W05707","W05707",1874,"U","I",NA
"312",57,"W05707","W05707",1880,"U","RWS",NA
"313",57,"W05710","W05710",1809,"U","I",NA
"314",57,"W05710","W05710",1880,"D","I","COULD BE A FIRE SCAR, BUT THERE'S NO RESIN"
"315",57,"W05712","W05712",1695,"U","I",NA
"316",57,"W05712","W05712",1699,"U","I",NA
"317",57,"W05713","W05713",1700,"D","FS",NA
"318",57,"W05714","W05714",1695,"D","I",NA
"319",57,"W05714","W05714",1838,"U","RWS",NA
"320",57,"W05715","W05715",1690,"U","I",NA
"321",57,"W05715","W05715",1752,"U","I",NA
"322",57,"W05718","W05718",1690,"D","I",NA
"323",57,"W05718","W05718",1714,"D","FS",NA
"324",57,"W05718","W05718",1887,"U","I",NA
"325",58,"W05801","W05801",1499,"D","FS","sure looks like a fire scar in 1499"
"326",58,"W05802","W05802",1545,"U","FS",NA
"327",58,"W05803","W05803",1545,"U","FS",NA
"328",58,"W05803","W05803",1699,"U","RWS",NA
"329",58,"W05804","W05804",1883,"U","I","could be injury from the 1882 fire"
"330",58,"W05805","W05805",1546,"U","RWS",NA
"331",58,"W05805","W05805",1698,"U","RWS",NA
"332",58,"W05805","W05805",1734,"D","FS",NA
"333",58,"W05807","W05807",1738,"U","FS",NA
"334",58,"W05808","W05808",1820,"U","I",NA
"335",58,"W05809","W05809",1522,"U","I","Looks like a FS, can't confirm with other trees"
"336",58,"W05810","W05810",1715,"U","I",NA
"337",58,"W05810","W05810",1747,"U","FS",NA
"338",58,"W05811","W05811",1545,"U","FS",NA
"339",58,"W05812","W05812",1668,"U","I",NA
"340",58,"W05812","W05812",1689,"U","FS",NA
"341",58,"W05812","W05812",1820,"U","I",NA
"342",58,"W05813","W05813",1689,"U","FS",NA
"343",58,"W05816","W05816",1545,"U","FS",NA
"344",58,"W05816","W05816",1882,"U","FS",NA
"345",58,"W05818","W05818",1689,"U","FS","MAYBE1690"
"346",58,"W05819","W05819",1545,"D","FS",NA
"347",58,"W05819","W05819",1689,"U","FS",NA
"348",58,"W05820","W05820",1747,"U","FS",NA
"349",59,"W05920","W05920",1930,"U","RWS",NA
"350",59,"W05926","W05926",1653,"D","FS","high-severity fire in this year, only survivor found after extensive search in 2024.  Cohort aligns with 1653 fire"
"351",60,"W06001","W06001",1765,"D","FS",NA
"352",60,"W06001","W06001",1797,"U","RWS",NA
"353",60,"W06001","W06001",1841,"U","RWS",NA
"354",60,"W06001","W06001",1924,"U","I",NA
"355",60,"W06001","W06001",1924,"U","RWS",NA
"356",60,"W06001","W06001",1929,"U","FS",NA
"357",60,"W06001","W06001",1949,"U","RWS",NA
"358",60,"W06001","W06001",1959,"U","RWS","follows the 1958 fire"
"359",60,"W06001","W06001",1984,"U","RWS",NA
"360",60,"W06002","W06002",1836,"U","FS",NA
"361",60,"W06003","W06003",1836,"D","FS",NA
"362",60,"W06003","W06003",1929,"U","FS",NA
"363",60,"W06003","W06003",2014,"D","FS","36 PIT FIRE"
"364",60,"W06004","W06004",1836,"D","FS",NA
"365",60,"W06004","W06004",1929,"D","FS",NA
"366",60,"W06004","W06004",2007,"U","RWS",NA
"367",60,"W06004","W06004",2014,"D","FS","36 PIT FIRE"
"368",60,"W06005","W06005",1949,"U","RWS",NA
"369",60,"W06005","W06005",1968,"U","FS",NA
"370",60,"W06005","W06005",2014,"U","FS","36 PIT FIRE"
"371",60,"W06006","W06006",1797,"U","RWS",NA
"372",60,"W06006","W06006",1924,"U","RWS","Follows the 1923 fire"
"373",60,"W06006","W06006",1929,"U","FS",NA
"374",60,"W06006","W06006",1949,"U","RWS",NA
"375",60,"W06006","W06006",1969,"U","RWS","follows the 1968 fire"
"376",60,"W06007","W06007",1765,"D","FS",NA
"377",60,"W06007","W06007",1797,"U","RWS",NA
"378",60,"W06007","W06007",1836,"D","FS",NA
"379",60,"W06007","W06007",1924,"U","RWS","Follows the 1923 fire"
"380",60,"W06007","W06007",1929,"D","FS",NA
"381",60,"W06008","W06008",1797,"U","RWS",NA
"382",60,"W06008","W06008",1841,"U","RWS",NA
"383",60,"W06008","W06008",1929,"D","FS",NA
"384",60,"W06008","W06008",1984,"U","RWS",NA
"385",60,"W06009","W06009",1968,"D","FS",NA
"386",60,"W06009","W06009",2014,"D","FS","36 PIT FIRE"
"387",60,"W06010","W06010",1981,"D","FS",NA
"388",60,"W06010","W06010",2014,"D","FS","36 PIT FIRE"
"389",60,"W06011","W06011",1797,"U","RWS",NA
"390",60,"W06011","W06011",1841,"U","RWS",NA
"391",60,"W06011","W06011",1924,"U","RWS","Follows the 1923 fire"
"392",60,"W06011","W06011",1929,"U","FS",NA
"393",60,"W06011","W06011",1968,"U","RWS",NA
"394",60,"W06011","W06011",2015,"U","RWS","36 PIT FIRE"
"395",60,"W06012","W06012",1797,"U","RWS",NA
"396",60,"W06012","W06012",1836,"U","FS",NA
"397",60,"W06012","W06012",1924,"U","RWS","Follows the 1923 fire"
"398",60,"W06012","W06012",1930,"U","RWS","Follows the 1929 fire"
"399",60,"W06012","W06012",1949,"U","RWS",NA
"400",60,"W06012","W06012",1984,"U","RWS",NA
"401",60,"W06013","W06013",1765,"D","FS",NA
"402",60,"W06013","W06013",1837,"U","RWS","follows the 1836 fire"
"403",60,"W06013","W06013",1930,"U","RWS","Follows the 1929 fire"
"404",60,"W06013","W06013",1968,"U","FS",NA
"405",60,"W06013","W06013",2014,"L","FS","36 PIT FIRE"
"406",60,"W06015","W06015",1984,"U","RWS",NA
"407",60,"W06015","W06015",2014,"D","FS",NA
"408",60,"W06016","W06016",1797,"U","RWS",NA
"409",60,"W06016","W06016",1836,"U","FS",NA
"410",60,"W06016","W06016",1841,"U","RWS",NA
"411",60,"W06017","W06017",1788,"U","RWS",NA
"412",60,"W06017","W06017",1797,"U","RWS",NA
"413",60,"W06017","W06017",1929,"U","FS",NA
"414",60,"W06017","W06017",1984,"U","RWS",NA
"415",60,"W06018","W06018",1836,"D","FS",NA
"416",60,"W06018","W06018",1885,"U","RWS",NA
"417",60,"W06018","W06018",1923,"U","FS",NA
"418",60,"W06018","W06018",1929,"U","FS",NA
"419",60,"W06019","W06019",1797,"U","RWS",NA
"420",60,"W06019","W06019",1841,"U","RWS",NA
"421",60,"W06019","W06019",1929,"L","FS",NA
"422",60,"W06019","W06019",1958,"U","FS","May be mechanical damage"
"423",60,"W06019","W06019",1969,"U","RWS","follows the 1968 fire"
"424",60,"W06019","W06019",1984,"U","RWS",NA
"425",60,"W06019","W06019",2014,"D","FS","36 PIT FIRE"
"426",61,"W06102","W06102",1860,"D","FS","COULD BE AN INJURY. NOT REPLICATED"
"427",61,"W06105","W06105",1821,"U","RWS",NA
"428",61,"W06105","W06105",1883,"U","RWS",NA
"429",61,"W06106","W06106",1906,"U","RWS",NA
"430",61,"W06111","W06111",1775,"U","RWS",NA
"431",61,"W06111","W06111",1804,"U","I","WITH SUPPRESSION AND RESIN"
"432",61,"W06113","W06113",1738,"D","I","LOOKS LIKE A FIRE BUT NO RESIN"
"433",61,"W06115","W06115",1723,"D","FS","DEFINITELY A FIRE SCAR"
"434",61,"W06116","W06116",1841,"U","RWS",NA
"435",61,"W06117","W06117",1752,"U","I",NA
"436",61,"W06118","W06118",1958,"U","FS",NA
"437",61,"W06119","W06119",1875,"U","I",NA
"438",61,"W06119","W06119",1890,"U","I",NA
"439",62,"W06209","W06209",1709,"U","I",NA
"440",62,"W06216","W06216",1709,"U","FS",NA
"441",64,"W06406","W06406",1744,"U","I",NA
"442",64,"W06407","W06407",1661,"U","I",NA
"443",64,"W06407","W06407",1753,"U","I",NA
"444",64,"W06407","W06407",1768,"U","I",NA
"445",64,"W06407","W06407",1771,"D","I",NA
"446",64,"W06407","W06407",1782,"U","RWS",NA
"447",64,"W06410","W06410",1953,"D","I","MECHANICAL DAMAGE FROM THE ROAD?"
"448",64,"W06410","W06410",1964,"U","FS","PROBABLY A SLASH FIRE "
"449",64,"W06411","W06411",1822,"D","I",NA
"450",64,"W06411","W06411",1853,"D","I",NA
"451",64,"W06411","W06411",1971,"D","FS",NA
"452",64,"W06415","W06415",1973,"U","RWS",NA
"453",64,"W06416","W06416",1964,"U","FS","PROBABLY A SLASH FIRE "
"454",68,"W06801","W06801",1648,"U","I",NA
"455",68,"W06801","W06801",1852,"U","I",NA
"456",68,"W06802","W06802",1851,"U","RWR",NA
"457",68,"W06803","W06803",1522,"D","FS",NA
"458",68,"W06804","W06804",1522,"U","FS",NA
"459",68,"W06804","W06804",1846,"U","I",NA
"460",68,"W06804","W06804",1849,"U","I",NA
"461",68,"W06806","W06806",1523,"U","RWS",NA
"462",68,"W06806","W06806",1537,"L","I",NA
"463",68,"W06807","W06807",1523,"U","RWS",NA
"464",68,"W06811","W06811",1522,"D","FS",NA
"465",68,"W06812","W06812",1522,"D","FS",NA
"466",68,"W06812","W06812",1850,"U","RWR","resin ring in 1849"
"467",68,"W06813","W06813",1522,"D","FS",NA
"468",68,"W06817","W06817",1530,"D","FS",NA
"469",71,"W07101","W07101",1891,"U","I","May be a FS if on other trees"
"470",71,"W07102","W07102",1693,"D","FS",NA
"471",71,"W07102","W07102",1706,"D","FS",NA
"472",71,"W07102","W07102",1783,"U","RWS","could be 1783"
"473",71,"W07102","W07102",1891,"D","I","could be a fire"
"474",71,"W07103","W07103",1689,"U","FS",NA
"475",71,"W07103","W07103",1693,"D","FS",NA
"476",71,"W07103","W07103",1707,"U","RWS","Follows the 1706 fire"
"477",71,"W07103","W07103",1765,"D","FS",NA
"478",71,"W07104","W07104",1704,"U","RWS",NA
"479",71,"W07105","W07105",1765,"U","FS",NA
"480",71,"W07105","W07105",1800,"U","RWS",NA
"481",71,"W07105","W07105",1846,"U","I",NA
"482",71,"W07106","W07106",1693,"D","FS",NA
"483",71,"W07106","W07106",1738,"D","FS",NA
"484",71,"W07106","W07106",1766,"U","RWS",NA
"485",71,"W07106","W07106",1834,"U","FS",NA
"486",71,"W07107","W07107",1792,"L","I","Might be a fire.  Not replicated"
"487",71,"W07107","W07107",1802,"D","FS",NA
"488",71,"W07108","W07108",1835,"U","RWS","Follows the 1834 fire"
"489",71,"W07109","W07109",1765,"D","FS",NA
"490",71,"W07109","W07109",1773,"D","FS",NA
"491",71,"W07109","W07109",1795,"U","RWS","Follows the 1794 fire"
"492",71,"W07109","W07109",1835,"U","RWS","Follows the 1834 fire"
"493",71,"W07109","W07109",2002,"E","I",NA
"494",71,"W07110","W07110",1794,"U","FS","Meets injury criteria, but this is a fire scar from the 1794 fire"
"495",71,"W07111","W07111",1665,"U","RWS",NA
"496",71,"W07111","W07111",1693,"D","FS",NA
"497",71,"W07111","W07111",1706,"D","FS",NA
"498",71,"W07111","W07111",1738,"U","FS",NA
"499",71,"W07111","W07111",1765,"U","FS",NA
"500",71,"W07111","W07111",1781,"U","I",NA
"501",71,"W07111","W07111",1883,"U","FS",NA
"502",71,"W07111","W07111",2007,"U","RWS",NA
"503",71,"W07112","W07112",1706,"U","FS",NA
"504",71,"W07112","W07112",1765,"D","FS",NA
"505",71,"W07112","W07112",1773,"U","FS",NA
"506",71,"W07112","W07112",1794,"D","FS",NA
"507",71,"W07112","W07112",1834,"D","FS",NA
"508",71,"W07112","W07112",1883,"U","FS",NA
"509",71,"W07112","W07112",2006,"D","I",NA
"510",71,"W07113","W07113",1834,"U","FS",NA
"511",71,"W07113","W07113",1903,"U","RWS",NA
"512",71,"W07114","W07114",1883,"D","FS",NA
"513",71,"W07115","W07115",1765,"D","FS",NA
"514",71,"W07115","W07115",1773,"D","FS",NA
"515",71,"W07115","W07115",1794,"U","FS",NA
"516",71,"W07115","W07115",1884,"U","RWS","Follows 1883 fire"
"517",71,"W07116","W07116",1773,"D","FS",NA
"518",71,"W07116","W07116",1794,"D","FS",NA
"519",71,"W07116","W07116",1834,"D","FS",NA
"520",71,"W07116","W07116",1883,"U","FS",NA
"521",71,"W07117","W07117",1765,"D","FS",NA
"522",71,"W07117","W07117",1773,"D","FS",NA
"523",71,"W07117","W07117",1794,"D","FS",NA
"524",71,"W07117","W07117",1834,"D","FS",NA
"525",71,"W07117","W07117",1883,"D","FS",NA
"526",71,"W07117","W07117",1942,"U","RWS",NA
"527",71,"W07117","W07117",1947,"U","FS",NA
"528",72,"W07201","W07201",1243,"U","RWS",NA
"529",72,"W07201","W07201",1467,"D","FS",NA
"530",72,"W07201","W07201",1490,"U","I",NA
"531",72,"W07204","W07204",1670,"D","FS",NA
"532",72,"W07204","W07204",1744,"U","RWS",NA
"533",72,"W07206","W07206",1671,"U","RWS",NA
"534",72,"W07207","W07207",1744,"U","RWS",NA
"535",72,"W07209","W07209",1745,"U","RWS",NA
"536",72,"W07209","W07209",1786,"U","I",NA
"537",72,"W07209","W07209",1820,"U","I",NA
"538",72,"W07210","W07210",1670,"U","RWS",NA
"539",72,"W07212","W07212",1745,"U","RWS",NA
"540",72,"W07212","W07212",1820,"D","I","RESIN RING VISIBLE"
"541",72,"W07213","W07213",1682,"U","RWS",NA
"542",72,"W07213","W07213",1696,"U","RWS",NA
"543",72,"W07213","W07213",1743,"U","RWS",NA
"544",72,"W07213","W07213",1822,"U","I",NA
"545",72,"W07215","W07215",1188,"U","I",NA
"546",72,"W07215","W07215",1308,"U","RWS",NA
"547",72,"W07216","W07216",1682,"D","FS",NA
"548",72,"W07216","W07216",1700,"U","I",NA
"549",72,"W07216","W07216",1743,"U","RWS",NA
"550",72,"W07218","W07218",1670,"D","FS",NA
"551",81,"W08104","W08104",1672,"D","I",NA
"552",81,"W08104","W08104",1726,"U","RWS",NA
"553",81,"W08105","W08105",1837,"D","I",NA
"554",81,"W08108","W08108",1875,"U","RWS",NA
"555",81,"W08108","W08108",1877,"U","I",NA
"556",81,"W08115","W08115",1690,"D","I",NA
"557",81,"W08115","W08115",1722,"D","I",NA
"558",81,"W08116","W08116",1682,"U","I",NA
"559",81,"W08117","W08117",1690,"U","I",NA
"560",81,"W08117","W08117",1700,"D","I",NA
"561",81,"W08117","W08117",1704,"D","FS",NA
"562",82,"W08201","W08201",1769,"U","RWS",NA
"563",82,"W08201","W08201",1797,"U","FS",NA
"564",82,"W08201","W08201",1832,"U","RWS",NA
"565",82,"W08201","W08201",1889,"D","FS",NA
"566",82,"W08202","W08202",1804,"D","FS",NA
"567",82,"W08202","W08202",1831,"D","FS",NA
"568",82,"W08202","W08202",1844,"D","FS",NA
"569",82,"W08202","W08202",1857,"D","FS",NA
"570",82,"W08202","W08202",1890,"U","RWS",NA
"571",82,"W08203","W08203",1797,"E","I",NA
"572",82,"W08203","W08203",1804,"D","FS",NA
"573",82,"W08203","W08203",1832,"U","RWS",NA
"574",82,"W08203","W08203",1890,"U","RWS",NA
"575",82,"W08204","W08204",1797,"U","FS",NA
"576",82,"W08204","W08204",1810,"D","FS",NA
"577",82,"W08204","W08204",1823,"D","FS",NA
"578",82,"W08205","W08205",1766,"D","I",NA
"579",82,"W08205","W08205",1768,"U","FS",NA
"580",82,"W08205","W08205",1797,"M","FS",NA
"581",82,"W08205","W08205",1804,"D","FS",NA
"582",82,"W08205","W08205",1823,"D","FS",NA
"583",82,"W08205","W08205",1844,"U","FS",NA
"584",82,"W08205","W08205",1858,"U","RWS",NA
"585",82,"W08206","W08206",1832,"U","RWS",NA
"586",82,"W08207","W08207",1797,"U","FS",NA
"587",82,"W08207","W08207",1823,"U","FS",NA
"588",82,"W08207","W08207",1844,"D","FS",NA
"589",82,"W08207","W08207",1857,"U","FS",NA
"590",82,"W08208","W08208",1729,"U","FS",NA
"591",82,"W08208","W08208",1768,"U","FS",NA
"592",82,"W08208","W08208",1779,"U","FS",NA
"593",82,"W08208","W08208",1797,"E","FS",NA
"594",82,"W08208","W08208",1879,"U","I",NA
"595",82,"W08208","W08208",1889,"D","FS",NA
"596",82,"W08209","W08209",1719,"U","RWS",NA
"597",82,"W08209","W08209",1769,"U","RWS",NA
"598",82,"W08209","W08209",1797,"E","FS",NA
"599",82,"W08209","W08209",1890,"U","RWS",NA
"600",82,"W08210","W08210",1633,"D","FS",NA
"601",82,"W08210","W08210",1718,"D","FS",NA
"602",82,"W08210","W08210",1768,"U","FS",NA
"603",82,"W08210","W08210",1779,"D","FS",NA
"604",82,"W08211","W08211",1728,"U","FS",NA
"605",82,"W08211","W08211",1769,"U","RWS",NA
"606",82,"W08211","W08211",1797,"U","RWS",NA
"607",82,"W08211","W08211",1806,"U","RWS",NA
"608",82,"W08211","W08211",1832,"U","RWS",NA
"609",82,"W08212","W08212",1775,"U","RWS",NA
"610",82,"W08212","W08212",1798,"U","RWS",NA
"611",82,"W08212","W08212",1834,"U","RWS",NA
"612",82,"W08212","W08212",1890,"U","RWS",NA
"613",82,"W08214","W08214",1718,"D","FS",NA
"614",82,"W08214","W08214",1728,"L","FS",NA
"615",82,"W08214","W08214",1779,"D","FS",NA
"616",82,"W08214","W08214",1797,"U","FS",NA
"617",82,"W08214","W08214",1804,"D","FS",NA
"618",82,"W08214","W08214",1823,"D","FS",NA
"619",82,"W08214","W08214",1831,"L","FS",NA
"620",82,"W08214","W08214",1844,"L","FS",NA
"621",82,"W08214","W08214",1857,"D","FS",NA
"622",82,"W08214","W08214",1890,"U","RWS",NA
"623",82,"W08214","W08214",1896,"LE","I",NA
"624",82,"W08215","W08215",1719,"U","RWS",NA
"625",82,"W08215","W08215",1766,"U","RWS",NA
"626",82,"W08215","W08215",1775,"U","RWS",NA
"627",82,"W08215","W08215",1797,"U","FS",NA
"628",82,"W08215","W08215",1804,"U","FS",NA
"629",82,"W08215","W08215",1857,"D","FS",NA
"630",82,"W08215","W08215",1889,"D","FS",NA
"631",82,"W08216","W08216",1776,"U","RWS",NA
"632",82,"W08216","W08216",1779,"U","I",NA
"633",82,"W08216","W08216",1797,"U","FS",NA
"634",82,"W08216","W08216",1804,"D","FS",NA
"635",82,"W08216","W08216",1831,"LE","FS",NA
"636",82,"W08216","W08216",1844,"D","FS",NA
"637",82,"W08217","W08217",1775,"U","RWS",NA
"638",82,"W08217","W08217",1779,"D","FS",NA
"639",82,"W08217","W08217",1798,"U","RWS",NA
"640",82,"W08217","W08217",1804,"D","FS",NA
"641",82,"W08218","W08218",1781,"D","FS",NA
"642",82,"W08218","W08218",1797,"M","FS",NA
"643",82,"W08218","W08218",1804,"D","FS",NA
"644",82,"W08218","W08218",1823,"D","FS",NA
"645",82,"W08218","W08218",1889,"D","FS",NA
"646",82,"W08218","W08218",1892,"D","I",NA
"647",83,"W08301","W08301",1807,"U","I","Scar identified in the field and crack aligns with 1807 fire"
"648",83,"W08303","W08303",1798,"U","FS",NA
"649",83,"W08304","W08304",1574,"U","I",NA
"650",83,"W08304","W08304",1592,"D","FS",NA
"651",83,"W08304","W08304",1798,"U","FS",NA
"652",83,"W08305","W08305",1522,"D","FS",NA
"653",83,"W08305","W08305",1798,"U","FS",NA
"654",83,"W08305","W08305",1808,"U","RWS",NA
"655",83,"W08306","W08306",1730,"U","FS",NA
"656",83,"W08306","W08306",1846,"D","FS",NA
"657",83,"W08306","W08306",1856,"D","I","This looks like healing after the 1846 fire"
"658",83,"W08307","W08307",1564,"U","I","if the piece didn't break this is a fire scar"
"659",83,"W08307","W08307",1847,"U","FS","this is on 07A and 07B pieces as an injury and RWS, positive this the 1847 fire"
"660",83,"W08307","W08307",1896,"U","FS",NA
"661",83,"W08308","W08308",1592,"U","I","consistent with 1592 fire"
"662",83,"W08308","W08308",1605,"D","FS",NA
"663",83,"W08308","W08308",1808,"U","RWS","this is a local rws from a fire scar the sample just missed"
"664",83,"W08308","W08308",1831,"D","FS",NA
"665",83,"W08308","W08308",1847,"U","RWS","this is a local rws from a fire scar the sample just missed"
"666",83,"W08308","W08308",1896,"D","FS",NA
"667",83,"W08309","W08309",1564,"U","I",NA
"668",83,"W08309","W08309",1798,"D","FS",NA
"669",83,"W08309","W08309",1807,"D","FS",NA
"670",83,"W08310","W08310",1799,"U","RWS","this is a local rws from a fire scar the sample just missed"
"671",83,"W08310","W08310",1831,"D","FS",NA
"672",83,"W08310","W08310",1846,"D","FS",NA
"673",83,"W08311","W08311",1798,"D","FS",NA
"674",83,"W08311","W08311",1831,"D","FS",NA
"675",83,"W08312","W08312",1798,"U","RWS","this is a local rws from a fire scar the sample just missed"
"676",83,"W08312","W08312",1847,"U","RWS","this is a local rws from a fire scar the sample just missed"
"677",83,"W08313","W08313",1564,"D","I",NA
"678",83,"W08313","W08313",1622,"U","RWS",NA
"679",83,"W08313","W08313",1807,"U","FS",NA
"680",83,"W08313","W08313",1831,"U","FS",NA
"681",83,"W08313","W08313",1846,"U","FS","we need the inner part of this sample"
"682",83,"W08314","W08314",1564,"U","I",NA
"683",83,"W08314","W08314",1798,"U","FS",NA
"684",83,"W08314","W08314",1846,"U","FS",NA
"685",83,"W08315","W08315",1564,"D","I",NA
"686",83,"W08315","W08315",1799,"U","RWS",NA
"687",83,"W08316","W08316",1798,"D","FS",NA
"688",83,"W08316","W08316",1856,"U","RWS",NA
"689",83,"W08316","W08316",1896,"D","FS",NA
"690",83,"W08317","W08317",1564,"D","I",NA
"691",83,"W08317","W08317",1846,"U","FS",NA
"692",83,"W08317","W08317",1897,"U","RWS","this is a local rws from a fire scar the sample just missed"
"693",84,"W08402","W08402",1308,"U","RWS",NA
"694",84,"W08402","W08402",1325,"U","RWS",NA
"695",84,"W08402","W08402",1365,"U","RWS",NA
"696",84,"W08402","W08402",1503,"U","RWS",NA
"697",84,"W08402","W08402",1552,"D","FS",NA
"698",84,"W08403","W08403",1847,"U","I",NA
"699",84,"W08407","W08407",1847,"D","I",NA
"700",84,"W08408","W08408",1847,"D","I",NA
"701",84,"W08409","W08409",1892,"D","FS",NA
"702",84,"W08410","W08410",1893,"U","RWS",NA
"703",84,"W08411","W08411",1892,"D","FS",NA
"704",84,"W08413","W08413",1892,"D","I",NA
"705",84,"W08414","W08414",1893,"U","I",NA
"706",84,"W08416","W08416",1847,"U","I",NA
"707",84,"W08416","W08416",1892,"U","I",NA
"708",84,"W08417","W08417",1847,"D","I",NA
"709",85,"W08506","W08506",1880,"D","I","COULD BE A FIRE SCAR, BUT THERE'S NO RESIN"
"710",85,"W08507","W08507",1812,"U","FS",NA
"711",85,"W08512","W08512",1933,"U","I",NA
"712",86,"W08601","W08601",1915,"U","RWS",NA
"713",86,"W08602","W08602",1941,"U","RWS",NA
"714",86,"W08603","W08603",1835,"D","FS",NA
"715",86,"W08604","W08604",1836,"U","RWS",NA
"716",86,"W08606","W08606",1892,"U","RWS",NA
"717",86,"W08606","W08606",1910,"U","RWS",NA
"718",86,"W08607","W08607",1964,"D","I","root graft after logging, not a fire"
"719",86,"W08608","W08608",1835,"U","FS",NA
"720",86,"W08610","W08610",1836,"U","RWS",NA
"721",86,"W08611","W08611",1932,"U","RWS",NA
"722",86,"W08611","W08611",1945,"U","RWS",NA
"723",86,"W08612","W08612",1916,"U","RWS",NA
"724",86,"W08615","W08615",1931,"U","RWR",NA
"725",86,"W08616","W08616",1932,"U","RWS",NA
"726",86,"W08618","W086404",1796,"D","FS","fire reconstructed from sampling in 2024"
"727",86,"W08620","W086417",1796,"D","FS","fire reconstructed from sampling in 2024"
"728",86,"W08621","W086420",1797,"U","RWS","Sampled in June 2024"
"729",86,"W08623","W086426",1733,"D","FS","fire reconstructed from sampling in 2024"
"730",86,"W08623","W086426",1744,"D","FS","fire reconstructed from sampling in 2024"
"731",86,"W08623","W086426",1796,"D","FS","fire reconstructed from sampling in 2024"
"732",86,"W08623","W086426",1969,"U","I","Sampled in June 2024"
"733",87,"W08701","W08701",1850,"U","RWS","This is a growth deformity just above or below a scar we missed for the 1848 fire"
"734",87,"W08701","W08701",1868,"U","FS","Fire scar looks like 1869 E in some places, but 1868 D in the center of the injury"
"735",87,"W08702","W08702",1674,"U","I",NA
"736",87,"W08702","W08702",1680,"U","I",NA
"737",87,"W08702","W08702",1710,"U","I",NA
"738",87,"W08702","W08702",1868,"D","FS",NA
"739",87,"W08703","W08703",1536,"D","FS","Convincing fire scar"
"740",87,"W08703","W08703",1870,"U","RWS",NA
"741",87,"W08704","W08704",1691,"U","RWS",NA
"742",87,"W08705","W08705",1536,"D","FS",NA
"743",87,"W08705","W08705",1665,"U","I",NA
"744",87,"W08705","W08705",1677,"U","I",NA
"745",87,"W08705","W08705",1685,"U","I",NA
"746",87,"W08705","W08705",1694,"U","I",NA
"747",87,"W08705","W08705",1719,"U","I",NA
"748",87,"W08706","W08706",1848,"U","FS","Very hard to see microrings before and after on this large scar, but the year is 1848"
"749",87,"W08707","W08707",1848,"U","FS","clear outer edge of sample is a fire scar"
"750",87,"W08708","W08708",1849,"U","RWS","follows 1848 fire"
"751",87,"W08711","W08711",1848,"D","FS",NA
"752",87,"W08711","W08711",1868,"U","FS",NA
"753",87,"W08714","W08714",1849,"U","RWS",NA
"754",87,"W08714","W08714",1868,"U","FS",NA
"755",88,"W08801","W08801",1707,"D","I",NA
"756",88,"W08802","W08802",1591,"E","I",NA
"757",88,"W08804","W08804",1763,"U","I",NA
"758",88,"W08804","W08804",1821,"U","RWS",NA
"759",88,"W08804","W08804",1842,"U","RWS",NA
"760",88,"W08805","W08805",1849,"U","I",NA
"761",88,"W08809","W08809",1841,"U","RWS",NA
"762",88,"W08809","W08809",1849,"U","FS",NA
"763",88,"W08810","W08810",1849,"U","FS",NA
"764",88,"W08813","W08813",1591,"U","I",NA
"765",88,"W08814","W08814",1771,"U","RWS",NA
"766",88,"W08814","W08814",1849,"U","I",NA
"767",88,"W08815","W08815",1849,"D","FS",NA
"768",89,"W08902","W08902",1714,"U","FS",NA
"769",89,"W08902","W08902",1960,"U","RWR","likely a logging release event"
"770",89,"W08903","W08903",1947,"U","I",NA
"771",89,"W08904","W08904",1590,"U","I",NA
"772",89,"W08904","W08904",1714,"U","I","Corresponds to 1714 fire but not a clear fire scar"
"773",89,"W08905","W08905",1707,"U","RWS",NA
"774",89,"W08905","W08905",1714,"U","FS",NA
"775",89,"W08905","W08905",1745,"U","RWS",NA
"776",89,"W08906","W08906",1715,"U","RWS","With resin"
"777",89,"W08907","W08907",1714,"D","I",NA
"778",89,"W08908","W08908",1560,"D","I",NA
"779",89,"W08908","W08908",1569,"U","RWS",NA
"780",89,"W08908","W08908",1625,"U","RWS",NA
"781",89,"W08910","W08910",1715,"U","RWS","With resin"
"782",89,"W08910","W08910",1730,"U","I",NA
"783",89,"W08911","W08911",1622,"U","RWS",NA
"784",89,"W08911","W08911",1730,"D","FS",NA
"785",89,"W08911","W08911",1951,"U","I",NA
"786",89,"W08912","W08912",1714,"D","FS",NA
"787",89,"W08914","W08914",1714,"U","I",NA
"788",89,"W08915","W08915",1570,"U","RWS",NA
"789",89,"W08915","W08915",1619,"U","FS","RECOLLECT THIS SAMPLE"
"790",89,"W08915","W08915",1714,"D","FS",NA
"791",89,"W08917","W08917",1737,"D","I",NA
"792",89,"W08917","W08917",1753,"U","I",NA
"793",89,"W08918","W08918",1714,"D","FS",NA
"794",90,"W09004","W09004",1560,"D","I",NA
"795",90,"W09005","W09005",1717,"U","I",NA
"796",90,"W09006","W09006",1645,"U","I",NA
"797",90,"W09006","W09006",1676,"D","I",NA
"798",90,"W09008","W09008",1688,"D","I",NA
"799",90,"W09009","W09009",1560,"D","FS",NA
"800",90,"W09011","W09011",1537,"D","I",NA
"801",90,"W09011","W09011",1560,"D","I",NA
"802",90,"W09013","W09013",1723,"D","I",NA
"803",91,"W09101","W09101",1747,"U","RWS",NA
"804",91,"W09102","W09102",1300,"U","I",NA
"805",91,"W09102","W09102",1307,"U","RWS",NA
"806",91,"W09102","W09102",1522,"U","FS",NA
"807",91,"W09102","W09102",1772,"U","I",NA
"808",91,"W09104","W09104",1233,"U","I",NA
"809",91,"W09104","W09104",1375,"U","I",NA
"810",91,"W09104","W09104",1423,"U","RWS",NA
"811",91,"W09104","W09104",1508,"D","FS",NA
"812",91,"W09105","W09105",1323,"U","I","Resin ring"
"813",91,"W09105","W09105",1497,"U","RWS",NA
"814",91,"W09105","W09105",1522,"D","FS",NA
"815",91,"W09105","W09105",1566,"D","FS",NA
"816",91,"W09105","W09105",1651,"U","RWR",NA
"817",91,"W09105","W09105",1677,"D","FS",NA
"818",91,"W09106","W09106",1307,"U","RWS",NA
"819",91,"W09106","W09106",1523,"U","RWS",NA
"820",91,"W09108","W09108",1233,"U","I",NA
"821",91,"W09108","W09108",1307,"U","RWS",NA
"822",91,"W09108","W09108",1365,"U","RWS",NA
"823",91,"W09108","W09108",1523,"U","RWS",NA
"824",91,"W09108","W09108",1678,"U","RWS",NA
"825",91,"W09109","W09109",1307,"U","RWS",NA
"826",91,"W09109","W09109",1523,"U","RWS","With resin"
"827",91,"W09111","W09111",1700,"D","FS",NA
"828",91,"W09112","W09112",1623,"U","RWS",NA
"829",91,"W09112","W09112",1679,"U","RWS",NA
"830",91,"W09112","W09112",1702,"U","I",NA
"831",91,"W09113","W09113",1211,"U","I",NA
"832",91,"W09113","W09113",1391,"U","RWS",NA
"833",91,"W09113","W09113",1397,"U","I",NA
"834",91,"W09113","W09113",1424,"U","RWS",NA
"835",91,"W09113","W09113",1450,"U","RWS",NA
"836",91,"W09113","W09113",1680,"D","I",NA
"837",91,"W09113","W09113",1730,"D","I",NA
"838",91,"W09114","W09114",1747,"U","RWS",NA
"839",91,"W09114","W09114",1760,"U","RWS",NA
"840",91,"W09116","W09116",1678,"U","RWS",NA
"841",91,"W09116","W09116",1701,"U","RWS",NA
"842",91,"W09118","W09118",1639,"D","FS",NA
"843",91,"W09118","W09118",1648,"U","I","likely a fire scar"
"844",91,"W09118","W09118",1659,"L","FS",NA
"845",91,"W09118","W09118",1677,"D","FS",NA
"846",91,"W09119","W09119",1308,"U","RWS",NA
"847",91,"W09119","W09119",1522,"U","FS",NA
"848",91,"W09119","W09119",1639,"U","FS",NA
"849",91,"W09119","W09119",1677,"D","FS",NA
"850",92,"W09201","W09201",1601,"D","I",NA
"851",92,"W09201","W09201",1617,"U","I",NA
"852",92,"W09201","W09201",1643,"D","I",NA
"853",92,"W09203","W09203",1542,"D","I","may be a large fs with no curl over"
"854",92,"W09203","W09203",1601,"D","I",NA
"855",92,"W09203","W09203",1617,"D","I",NA
"856",92,"W09203","W09203",1621,"U","I",NA
"857",92,"W09205","W09205",1396,"U","RWS",NA
"858",92,"W09205","W09205",1496,"U","FS",NA
"859",92,"W09205","W09205",1612,"U","I",NA
"860",92,"W09206","W09206",1396,"U","RWS",NA
"861",92,"W09207","W09207",1663,"U","RWS",NA
"862",92,"W09209","W09209",1523,"D","I",NA
"863",92,"W09209","W09209",1748,"D","I",NA
"864",92,"W09212","W09212",1304,"U","I","injury appears from 1804-1811, mechanical damage"
"865",92,"W09212","W09212",1396,"U","RWS",NA
"866",92,"W09213","W09213",1527,"D","I",NA
"867",92,"W09213","W09213",1559,"D","I",NA
"868",92,"W09215","W09215",1396,"U","RWS",NA
"869",92,"W09215","W09215",1535,"U","I",NA
"870",92,"W09215","W09215",1546,"D","I",NA
"871",92,"W09216","W09216",1400,"D","I",NA
"872",92,"W09216","W09216",1486,"U","I",NA
"873",92,"W09216","W09216",1584,"D","I",NA
"874",93,"W09301","W09301",1759,"D","FS","no curl over, but confident this is a fire scar"
"875",93,"W09301","W09301",1836,"D","FS",NA
"876",93,"W09302","W09302",1307,"U","RWS",NA
"877",93,"W09302","W09302",1617,"D","FS",NA
"878",93,"W09305","W09305",1307,"U","RWS",NA
"879",93,"W09306","W09306",1785,"D","I","Could be a fire scar, but not a large scar and its not on any other trees"
"880",93,"W09306","W09306",1844,"D","FS",NA
"881",93,"W09308","W09308",1837,"U","RWS","This is tight rings after a fire scar somewhere higher or lower on the tree"
"882",93,"W09310","W09310",1836,"D","FS",NA
"883",93,"W09310","W09310",1883,"U","FS",NA
"884",93,"W09311","W09311",1844,"D","FS",NA
"885",93,"W09311","W09311",1883,"D","FS",NA
"886",93,"W09312","W09312",1836,"D","FS",NA
"887",93,"W09313","W09313",1836,"D","FS",NA
"888",93,"W09313","W09313",1915,"U","RWS",NA
"889",93,"W09315","W09315",1836,"D","FS",NA
"890",93,"W09315","W09315",1957,"LE","I",NA
"891",93,"W09316","W09316",1307,"U","RWS",NA
"892",93,"W09317","W09317",1826,"U","RWS",NA
"893",93,"W09317","W09317",1836,"D","FS",NA
"894",93,"W09317","W09317",1919,"U","I",NA
"895",93,"W09318","W09318",1808,"U","I",NA
"896",93,"W09318","W09318",1837,"U","RWS","there's a fire scar in this tree in 1836 below or above where this sample was cut"
"897",93,"W09319","W09319",1233,"D","I","this is likely a fire scar in 1233"
"898",93,"W09319","W09319",1307,"U","RWS",NA
"899",93,"W09320","W09320",1691,"U","RWS",NA
"900",93,"W09320","W09320",1836,"U","FS",NA
"901",93,"W09320","W09320",1852,"U","I",NA
"902",93,"W09320","W09320",1883,"D","FS",NA
"903",93,"W09321","W09321",1844,"D","FS",NA
"904",93,"W09321","W09321",1883,"D","FS",NA
"905",93,"W09322","W09322",1504,"U","RWS",NA
"906",93,"W09322","W09322",1507,"U","RWR",NA
"907",93,"W09322","W09322",1649,"U","RWS",NA
"908",93,"W09322","W09322",1649,"U","RWS",NA
"909",93,"W09322","W09322",1759,"D","FS",NA
"910",93,"W09322","W09322",1836,"D","FS",NA
"911",93,"W09322","W09322",1844,"D","FS",NA
"912",93,"W09322","W09322",1869,"U","I","Likely a fire scar"
"913",93,"W09322","W09322",1883,"D","FS",NA
"914",93,"W09322","W09322",1895,"D","FS",NA
"915",96,"W09602","WMM002",1533,"U","I",NA
"916",96,"W09603","WMM003",1943,"U","I",NA
"917",96,"W09604","WMM004",1741,"U","RWR",NA
"918",96,"W09606","WMM006",1722,"L","I",NA
"919",96,"W09606","WMM006",1761,"U","FS",NA
"920",96,"W09606","WMM006",1793,"U","I",NA
"921",96,"W09607","WMM007",1756,"D","FS",NA
"922",96,"W09607","WMM007",1920,"U","RWS",NA
"923",96,"W09607","WMM007",1944,"U","I",NA
"924",96,"W09608","WMM008",1741,"U","FS",NA
"925",96,"W09608","WMM008",1774,"U","RWS",NA
"926",96,"W09609","WMM009",1974,"U","I","Root graft?"
"927",96,"W09610","WMM010",1783,"LE","FS",NA
"928",96,"W09610","WMM010",1787,"U","FS",NA
"929",96,"W09610","WMM010",1798,"L","FS",NA
"930",96,"W09610","WMM010",1811,"U","RWS",NA
"931",96,"W09611","WMM011",1608,"U","RWS",NA
"932",96,"W09611","WMM011",1699,"U","RWS",NA
"933",96,"W09615","WMM015",1742,"U","RWS",NA
"934",96,"W09615","WMM015",1757,"U","RWS",NA
"935",96,"W09615","WMM015",1773,"U","FS",NA
"936",96,"W09618","WMM018",1954,"L","I",NA
"937",96,"W09618","WMM018",1989,"L","I",NA
"938",96,"W09618","WMM018",2004,"L","I",NA
"939",96,"W09619","WMM019",1746,"U","RWS",NA
"940",96,"W09620","WMM020",1741,"D","FS",NA
"941",96,"W09620","WMM020",1774,"U","RWS",NA
"942",96,"W09620","WMM020",1783,"U","I",NA
"943",96,"W09620","WMM020",1832,"U","RWR",NA
"944",96,"W09621","WMM021",1783,"U","FS",NA
"945",96,"W09621","WMM021",1794,"M","FS",NA
"946",96,"W09622","WMM022",1784,"U","RWS",NA
"947",96,"W09622","WMM022",1794,"M","I",NA
"948",96,"W09622","WMM022",1810,"D","I",NA
"949",96,"W09623","WMM023",1783,"U","FS",NA
"950",96,"W09623","WMM023",1794,"U","FS",NA
"951",96,"W09623","WMM023",1836,"U","FS",NA
"952",98,"W09801","WDG001",1924,"U","I",NA
"953",98,"W09801","WDG001",1940,"D","I",NA
"954",98,"W09801","WDG001",1941,"U","I",NA
"955",98,"W09802","WDG002",1870,"U","RWS",NA
"956",98,"W09802","WDG002",1891,"U","RWS",NA
"957",98,"W09802","WDG002",1930,"U","I",NA
"958",98,"W09802","WDG002",1958,"U","RWS",NA
"959",98,"W09803","WDG003",1689,"U","I",NA
"960",98,"W09803","WDG003",1782,"U","RWS",NA
"961",98,"W09803","WDG003",1839,"U","I",NA
"962",98,"W09803","WDG003",1967,"U","FS",NA
"963",98,"W09803","WDG003",1971,"U","I",NA
"964",98,"W09804","WDG004",1966,"U","I",NA
"965",98,"W09805","WDG005",1681,"D","I",NA
"966",98,"W09805","WDG005",1721,"D","I",NA
"967",98,"W09807","WDG007",1947,"U","I",NA
"968",98,"W09807","WDG007",1952,"U","I",NA
"969",98,"W09807","WDG007",1968,"U","RWS",NA
"970",98,"W09808","WDG008",1706,"D","FS",NA
"971",98,"W09808","WDG008",1715,"U","I",NA
"972",98,"W09808","WDG008",1961,"U","RWR",NA
"973",98,"W09809","WDG009",1804,"D","I",NA
"974",98,"W09809","WDG009",1974,"D","I",NA
"975",98,"W09810","WDG010",1737,"U","I",NA
"976",98,"W09810","WDG010",1839,"D","FS",NA
"977",98,"W09812","WDG012",1759,"U","RWS",NA
"978",98,"W09812","WDG012",1839,"D","FS",NA
"979",98,"W09814","WDG014",1808,"U","I",NA
"980",98,"W09814","WDG014",1872,"U","FS",NA
"981",98,"W09814","WDG014",1877,"D","FS",NA
"982",98,"W09815","WDG015",1799,"D","FS",NA
"983",98,"W09815","WDG015",1807,"D","I",NA
"984",98,"W09815","WDG015",1895,"D","I",NA
"985",98,"W09816","WDG016",1706,"D","FS",NA
"986",98,"W09816","WDG016",1721,"U","I",NA
"987",98,"W09816","WDG016",1839,"D","I",NA
"988",98,"W09816","WDG016",1848,"U","I",NA
"989",98,"W09816","WDG016",1908,"U","I",NA
"990",98,"W09816","WDG016",1964,"U","I",NA
